<?xml version="1.0" encoding="UTF-8"?>
<gresources>
  <gresource prefix="/org/virt-manager/virt-viewer">
    <file>ui/remote-viewer-connect.ui</file>
    <file>ui/remote-viewer-connect_veil.ui</file>
    <file>ui/remote-viewer-iso-list.ui</file>
    <file>ui/virt-viewer.ui</file>
    <file>ui/virt-viewer_veil.ui</file>
    <file>ui/virt-viewer-about.ui</file>
    <file>ui/virt-viewer-auth.ui</file>
    <file>ui/virt-viewer-guest-details.ui</file>
    <file>ui/virt-viewer-preferences.ui</file>
    <file>ui/virt-viewer-vm-connection.ui</file>
    <file>ui/virt-viewer-file-transfer-dialog.ui</file>
    <file>ui/vdi_manager_from.ui</file>
    <file alias="icons/24x24/virt-viewer-usb.png">../../icons/24x24/virt-viewer-usb.png</file>
    <file alias="icons/content/img/veil-32x32.png">../../icons/content/img/veil-32x32.png</file>

  </gresource>
</gresources>
